month,admissions,avg_length_of_stay,readmission_rate_pct
2024-01,179,4.57,11.17
2024-02,171,4.6,10.53
2024-03,211,5.09,12.8
2024-04,189,4.39,12.17
2024-05,210,4.47,10.0
2024-06,179,4.43,10.61
2024-07,208,4.33,11.54
2024-08,202,4.23,10.89
2024-09,202,4.26,15.35
2024-10,223,4.32,12.56
2024-11,189,4.08,14.81
2024-12,206,4.37,14.08
2025-01,194,4.63,12.89
2025-02,195,4.62,11.79
2025-03,201,4.42,11.94
2025-04,201,4.34,7.96
2025-05,206,4.45,13.59
2025-06,218,3.98,12.39
2025-07,214,4.14,9.81
2025-08,226,4.72,11.95
2025-09,169,4.6,7.1
2025-10,196,4.01,10.2
2025-11,190,4.48,11.58
2025-12,220,4.3,4.09
